data,lag_1,lag_7,media_7
2011-01-01,,,
2011-01-02,985.0,,985.0
2011-01-03,801.0,,893.0
2011-01-04,1349.0,,1045.0
2011-01-05,1562.0,,1174.25
2011-01-06,1600.0,,1259.4
2011-01-07,1606.0,,1317.1666666666667
2011-01-08,1510.0,985.0,1344.7142857142858
2011-01-09,959.0,801.0,1341.0
2011-01-10,822.0,1349.0,1344.0
2011-01-11,1321.0,1562.0,1340.0
2011-01-12,1263.0,1600.0,1297.2857142857142
2011-01-13,1162.0,1606.0,1234.7142857142858
2011-01-14,1406.0,1510.0,1206.142857142857
2011-01-15,1421.0,959.0,1193.4285714285713
2011-01-16,1248.0,822.0,1234.7142857142858
2011-01-17,1204.0,1321.0,1289.2857142857142
2011-01-18,1000.0,1263.0,1243.4285714285713
2011-01-19,683.0,1162.0,1160.5714285714287
2011-01-20,1650.0,1406.0,1230.2857142857142
2011-01-21,1927.0,1421.0,1304.7142857142858
2011-01-22,1543.0,1248.0,1322.142857142857
2011-01-23,981.0,1204.0,1284.0
2011-01-24,986.0,1000.0,1252.857142857143
2011-01-25,1416.0,683.0,1312.2857142857142
2011-01-26,1985.0,1650.0,1498.2857142857142
2011-01-27,506.0,1927.0,1334.857142857143
2011-01-28,431.0,1543.0,1121.142857142857
2011-01-29,1167.0,981.0,1067.4285714285713
2011-01-30,1098.0,986.0,1084.142857142857
2011-01-31,1096.0,1416.0,1099.857142857143
2011-02-01,1501.0,1985.0,1112.0
2011-02-02,1360.0,506.0,1022.7142857142857
2011-02-03,1526.0,431.0,1168.4285714285713
2011-02-04,1550.0,1167.0,1328.2857142857142
2011-02-05,1708.0,1098.0,1405.5714285714287
2011-02-06,1005.0,1096.0,1392.2857142857142
2011-02-07,1623.0,1501.0,1467.5714285714287
2011-02-08,1712.0,1360.0,1497.7142857142858
2011-02-09,1530.0,1526.0,1522.0
2011-02-10,1605.0,1550.0,1533.2857142857142
2011-02-11,1538.0,1708.0,1531.5714285714287
2011-02-12,1746.0,1005.0,1537.0
2011-02-13,1472.0,1623.0,1603.7142857142858
2011-02-14,1589.0,1712.0,1598.857142857143
2011-02-15,1913.0,1530.0,1627.5714285714287
2011-02-16,1815.0,1605.0,1668.2857142857142
2011-02-17,2115.0,1538.0,1741.142857142857
2011-02-18,2475.0,1746.0,1875.0
2011-02-19,2927.0,1472.0,2043.7142857142858
2011-02-20,1635.0,1589.0,2067.0
2011-02-21,1812.0,1913.0,2098.8571428571427
2011-02-22,1107.0,1815.0,1983.7142857142858
2011-02-23,1450.0,2115.0,1931.5714285714287
2011-02-24,1917.0,2475.0,1903.2857142857142
2011-02-25,1807.0,2927.0,1807.857142857143
2011-02-26,1461.0,1635.0,1598.4285714285713
2011-02-27,1969.0,1812.0,1646.142857142857
2011-02-28,2402.0,1107.0,1730.4285714285713
2011-03-01,1446.0,1450.0,1778.857142857143
2011-03-02,1851.0,1917.0,1836.142857142857
2011-03-03,2134.0,1807.0,1867.142857142857
2011-03-04,1685.0,1461.0,1849.7142857142858
2011-03-05,1944.0,1969.0,1918.7142857142858
2011-03-06,2077.0,2402.0,1934.142857142857
2011-03-07,605.0,1446.0,1677.4285714285713
2011-03-08,1872.0,1851.0,1738.2857142857142
2011-03-09,2133.0,2134.0,1778.5714285714287
2011-03-10,1891.0,1685.0,1743.857142857143
2011-03-11,623.0,1944.0,1592.142857142857
2011-03-12,1977.0,2077.0,1596.857142857143
2011-03-13,2132.0,605.0,1604.7142857142858
2011-03-14,2417.0,1872.0,1863.5714285714287
2011-03-15,2046.0,2133.0,1888.4285714285713
2011-03-16,2056.0,1891.0,1877.4285714285713
2011-03-17,2192.0,623.0,1920.4285714285713
2011-03-18,2744.0,1977.0,2223.4285714285716
2011-03-19,3239.0,2132.0,2403.714285714286
2011-03-20,3117.0,2417.0,2544.4285714285716
2011-03-21,2471.0,2046.0,2552.1428571428573
2011-03-22,2077.0,2056.0,2556.5714285714284
2011-03-23,2703.0,2192.0,2649.0
2011-03-24,2121.0,2744.0,2638.8571428571427
2011-03-25,1865.0,3239.0,2513.285714285714
2011-03-26,2210.0,3117.0,2366.285714285714
2011-03-27,2496.0,2471.0,2277.5714285714284
2011-03-28,1693.0,2077.0,2166.4285714285716
2011-03-29,2028.0,2703.0,2159.4285714285716
2011-03-30,2425.0,2121.0,2119.714285714286
2011-03-31,1536.0,1865.0,2036.142857142857
2011-04-01,1685.0,2210.0,2010.4285714285713
2011-04-02,2227.0,2496.0,2012.857142857143
2011-04-03,2252.0,1693.0,1978.0
2011-04-04,3249.0,2028.0,2200.285714285714
2011-04-05,3115.0,2425.0,2355.5714285714284
2011-04-06,1795.0,1536.0,2265.5714285714284
2011-04-07,2808.0,1685.0,2447.285714285714
2011-04-08,3141.0,2227.0,2655.285714285714
2011-04-09,1471.0,2252.0,2547.285714285714
2011-04-10,2455.0,3249.0,2576.285714285714
2011-04-11,2895.0,3115.0,2525.714285714286
2011-04-12,3348.0,1795.0,2559.0
2011-04-13,2034.0,2808.0,2593.1428571428573
2011-04-14,2162.0,3141.0,2500.8571428571427
2011-04-15,3267.0,1471.0,2518.8571428571427
2011-04-16,3126.0,2455.0,2755.285714285714
2011-04-17,795.0,2895.0,2518.1428571428573
2011-04-18,3744.0,3348.0,2639.4285714285716
2011-04-19,3429.0,2034.0,2651.0
2011-04-20,3204.0,2162.0,2818.1428571428573
2011-04-21,3944.0,3267.0,3072.714285714286
2011-04-22,4189.0,3126.0,3204.4285714285716
2011-04-23,1683.0,795.0,2998.285714285714
2011-04-24,4036.0,3744.0,3461.285714285714
2011-04-25,4191.0,3429.0,3525.1428571428573
2011-04-26,4073.0,3204.0,3617.1428571428573
2011-04-27,4400.0,3944.0,3788.0
2011-04-28,3872.0,4189.0,3777.714285714286
2011-04-29,4058.0,1683.0,3759.0
2011-04-30,4595.0,4036.0,4175.0
2011-05-01,5312.0,4191.0,4357.285714285715
2011-05-02,3351.0,4073.0,4237.285714285715
2011-05-03,4401.0,4400.0,4284.142857142857
2011-05-04,4451.0,3872.0,4291.428571428572
2011-05-05,2633.0,4058.0,4114.428571428572
2011-05-06,4433.0,4595.0,4168.0
2011-05-07,4608.0,5312.0,4169.857142857143
2011-05-08,4714.0,3351.0,4084.4285714285716
2011-05-09,4333.0,4401.0,4224.714285714285
2011-05-10,4362.0,4451.0,4219.142857142857
2011-05-11,4803.0,2633.0,4269.428571428572
2011-05-12,4182.0,4433.0,4490.714285714285
2011-05-13,4864.0,4608.0,4552.285714285715
2011-05-14,4105.0,4714.0,4480.428571428572
2011-05-15,3409.0,4333.0,4294.0
2011-05-16,4553.0,4362.0,4325.428571428572
2011-05-17,3958.0,4803.0,4267.714285714285
2011-05-18,4123.0,4182.0,4170.571428571428
2011-05-19,3855.0,4864.0,4123.857142857143
2011-05-20,4575.0,4105.0,4082.5714285714284
2011-05-21,4917.0,3409.0,4198.571428571428
2011-05-22,5805.0,4553.0,4540.857142857143
2011-05-23,4660.0,3958.0,4556.142857142857
2011-05-24,4274.0,4123.0,4601.285714285715
2011-05-25,4492.0,3855.0,4654.0
2011-05-26,4978.0,4575.0,4814.428571428572
2011-05-27,4677.0,4917.0,4829.0
2011-05-28,4679.0,5805.0,4795.0
2011-05-29,4758.0,4660.0,4645.428571428572
2011-05-30,4788.0,4274.0,4663.714285714285
2011-05-31,4098.0,4492.0,4638.571428571428
2011-06-01,3982.0,4978.0,4565.714285714285
2011-06-02,3974.0,4677.0,4422.285714285715
2011-06-03,4968.0,4679.0,4463.857142857143
2011-06-04,5312.0,4758.0,4554.285714285715
2011-06-05,5342.0,4788.0,4637.714285714285
2011-06-06,4906.0,4098.0,4654.571428571428
2011-06-07,4548.0,3982.0,4718.857142857143
2011-06-08,4833.0,3974.0,4840.428571428572
2011-06-09,4401.0,4968.0,4901.428571428572
2011-06-10,3915.0,5312.0,4751.0
2011-06-11,4586.0,5342.0,4647.285714285715
2011-06-12,4966.0,4906.0,4593.571428571428
2011-06-13,4460.0,4548.0,4529.857142857143
2011-06-14,5020.0,4833.0,4597.285714285715
2011-06-15,4891.0,4401.0,4605.571428571428
2011-06-16,5180.0,3915.0,4716.857142857143
2011-06-17,3767.0,4586.0,4695.714285714285
2011-06-18,4844.0,4966.0,4732.571428571428
2011-06-19,5119.0,4460.0,4754.428571428572
2011-06-20,4744.0,5020.0,4795.0
2011-06-21,4010.0,4891.0,4650.714285714285
2011-06-22,4835.0,5180.0,4642.714285714285
2011-06-23,4507.0,3767.0,4546.571428571428
2011-06-24,4790.0,4844.0,4692.714285714285
2011-06-25,4991.0,5119.0,4713.714285714285
2011-06-26,5202.0,4744.0,4725.571428571428
2011-06-27,5305.0,4010.0,4805.714285714285
2011-06-28,4708.0,4835.0,4905.428571428572
2011-06-29,4648.0,4507.0,4878.714285714285
2011-06-30,5225.0,4790.0,4981.285714285715
2011-07-01,5515.0,4991.0,5084.857142857143
2011-07-02,5362.0,5202.0,5137.857142857143
2011-07-03,5119.0,5305.0,5126.0
2011-07-04,4649.0,4708.0,5032.285714285715
2011-07-05,6043.0,4648.0,5223.0
2011-07-06,4665.0,5225.0,5225.428571428572
2011-07-07,4629.0,5515.0,5140.285714285715
2011-07-08,4592.0,5362.0,5008.428571428572
2011-07-09,4040.0,5119.0,4819.571428571428
2011-07-10,5336.0,4649.0,4850.571428571428
2011-07-11,4881.0,6043.0,4883.714285714285
2011-07-12,4086.0,4665.0,4604.142857142857
2011-07-13,4258.0,4629.0,4546.0
2011-07-14,4342.0,4592.0,4505.0
2011-07-15,5084.0,4040.0,4575.285714285715
2011-07-16,5538.0,5336.0,4789.285714285715
2011-07-17,5923.0,4881.0,4873.142857142857
2011-07-18,5302.0,4086.0,4933.285714285715
2011-07-19,4458.0,4258.0,4986.428571428572
2011-07-20,4541.0,4342.0,5026.857142857143
2011-07-21,4332.0,5084.0,5025.428571428572
2011-07-22,3784.0,5538.0,4839.714285714285
2011-07-23,3387.0,5923.0,4532.428571428572
2011-07-24,3285.0,5302.0,4155.571428571428
2011-07-25,3606.0,4458.0,3913.285714285714
2011-07-26,3840.0,4541.0,3825.0
2011-07-27,4590.0,4332.0,3832.0
2011-07-28,4656.0,3784.0,3878.285714285714
2011-07-29,4390.0,3387.0,3964.8571428571427
2011-07-30,3846.0,3285.0,4030.4285714285716
2011-07-31,4475.0,3606.0,4200.428571428572
2011-08-01,4302.0,3840.0,4299.857142857143
2011-08-02,4266.0,4590.0,4360.714285714285
2011-08-03,4845.0,4656.0,4397.142857142857
2011-08-04,3574.0,4390.0,4242.571428571428
2011-08-05,4576.0,3846.0,4269.142857142857
2011-08-06,4866.0,4475.0,4414.857142857143
2011-08-07,4294.0,4302.0,4389.0
2011-08-08,3785.0,4266.0,4315.142857142857
2011-08-09,4326.0,4845.0,4323.714285714285
2011-08-10,4602.0,3574.0,4289.0
2011-08-11,4780.0,4576.0,4461.285714285715
2011-08-12,4792.0,4866.0,4492.142857142857
2011-08-13,4905.0,4294.0,4497.714285714285
2011-08-14,4150.0,3785.0,4477.142857142857
2011-08-15,3820.0,4326.0,4482.142857142857
2011-08-16,4338.0,4602.0,4483.857142857143
2011-08-17,4725.0,4780.0,4501.428571428572
2011-08-18,4694.0,4792.0,4489.142857142857
2011-08-19,3805.0,4905.0,4348.142857142857
2011-08-20,4153.0,4150.0,4240.714285714285
2011-08-21,5191.0,3820.0,4389.428571428572
2011-08-22,3873.0,4338.0,4397.0
2011-08-23,4758.0,4725.0,4457.0
2011-08-24,5895.0,4694.0,4624.142857142857
2011-08-25,5130.0,3805.0,4686.428571428572
2011-08-26,3542.0,4153.0,4648.857142857143
2011-08-27,4661.0,5191.0,4721.428571428572
2011-08-28,1115.0,3873.0,4139.142857142857
2011-08-29,4334.0,4758.0,4205.0
2011-08-30,4634.0,5895.0,4187.285714285715
2011-08-31,5204.0,5130.0,4088.5714285714284
2011-09-01,5058.0,3542.0,4078.285714285714
2011-09-02,5115.0,4661.0,4303.0
2011-09-03,4727.0,1115.0,4312.428571428572
2011-09-04,4484.0,4334.0,4793.714285714285
2011-09-05,4940.0,4634.0,4880.285714285715
2011-09-06,3351.0,5204.0,4697.0
2011-09-07,2710.0,5058.0,4340.714285714285
2011-09-08,1996.0,5115.0,3903.285714285714
2011-09-09,1842.0,4727.0,3435.714285714286
2011-09-10,3544.0,4484.0,3266.714285714286
2011-09-11,5345.0,4940.0,3389.714285714286
2011-09-12,5046.0,3351.0,3404.8571428571427
2011-09-13,4713.0,2710.0,3599.4285714285716
2011-09-14,4763.0,1996.0,3892.714285714286
2011-09-15,4785.0,1842.0,4291.142857142857
2011-09-16,3659.0,3544.0,4550.714285714285
2011-09-17,4760.0,5345.0,4724.428571428572
2011-09-18,4511.0,5046.0,4605.285714285715
2011-09-19,4274.0,4713.0,4495.0
2011-09-20,4539.0,4763.0,4470.142857142857
2011-09-21,3641.0,4785.0,4309.857142857143
2011-09-22,4352.0,3659.0,4248.0
2011-09-23,4795.0,4760.0,4410.285714285715
2011-09-24,2395.0,4511.0,4072.4285714285716
2011-09-25,5423.0,4274.0,4202.714285714285
2011-09-26,5010.0,4539.0,4307.857142857143
2011-09-27,4630.0,3641.0,4320.857142857143
2011-09-28,4120.0,4352.0,4389.285714285715
2011-09-29,3907.0,4795.0,4325.714285714285
2011-09-30,4839.0,2395.0,4332.0
2011-10-01,5202.0,5423.0,4733.0
2011-10-02,2429.0,5010.0,4305.285714285715
2011-10-03,2918.0,4630.0,4006.4285714285716
2011-10-04,3570.0,4120.0,3855.0
2011-10-05,4456.0,3907.0,3903.0
2011-10-06,4826.0,4839.0,4034.285714285714
2011-10-07,4765.0,5202.0,4023.714285714286
2011-10-08,4985.0,2429.0,3992.714285714286
2011-10-09,5409.0,2918.0,4418.428571428572
2011-10-10,5511.0,3570.0,4788.857142857143
2011-10-11,5117.0,4456.0,5009.857142857143
2011-10-12,4563.0,4826.0,5025.142857142857
2011-10-13,2416.0,4765.0,4680.857142857143
2011-10-14,2913.0,4985.0,4416.285714285715
2011-10-15,3644.0,5409.0,4224.714285714285
2011-10-16,5217.0,5511.0,4197.285714285715
2011-10-17,5041.0,5117.0,4130.142857142857
2011-10-18,4570.0,4563.0,4052.0
2011-10-19,4748.0,2416.0,4078.4285714285716
2011-10-20,2424.0,2913.0,4079.5714285714284
2011-10-21,4195.0,3644.0,4262.714285714285
2011-10-22,4304.0,5217.0,4357.0
2011-10-23,4308.0,5041.0,4227.142857142857
2011-10-24,4381.0,4570.0,4132.857142857143
2011-10-25,4187.0,4748.0,4078.1428571428573
2011-10-26,4687.0,2424.0,4069.4285714285716
2011-10-27,3894.0,4195.0,4279.428571428572
2011-10-28,2659.0,4304.0,4060.0
2011-10-29,3747.0,4308.0,3980.4285714285716
2011-10-30,627.0,4381.0,3454.5714285714284
2011-10-31,3331.0,4187.0,3304.5714285714284
2011-11-01,3669.0,4687.0,3230.5714285714284
2011-11-02,4068.0,3894.0,3142.1428571428573
2011-11-03,4186.0,2659.0,3183.8571428571427
2011-11-04,3974.0,3747.0,3371.714285714286
2011-11-05,4046.0,627.0,3414.4285714285716
2011-11-06,3926.0,3331.0,3885.714285714286
2011-11-07,3649.0,3669.0,3931.1428571428573
2011-11-08,4035.0,4068.0,3983.4285714285716
2011-11-09,4205.0,4186.0,4003.0
2011-11-10,4109.0,3974.0,3992.0
2011-11-11,2933.0,4046.0,3843.285714285714
2011-11-12,3368.0,3926.0,3746.4285714285716
2011-11-13,4067.0,3649.0,3766.5714285714284
2011-11-14,3717.0,4035.0,3776.285714285714
2011-11-15,4486.0,4205.0,3840.714285714286
2011-11-16,4195.0,4109.0,3839.285714285714
2011-11-17,1817.0,2933.0,3511.8571428571427
2011-11-18,3053.0,3368.0,3529.0
2011-11-19,3392.0,4067.0,3532.4285714285716
2011-11-20,3663.0,3717.0,3474.714285714286
2011-11-21,3520.0,4486.0,3446.5714285714284
2011-11-22,2765.0,4195.0,3200.714285714286
2011-11-23,1607.0,1817.0,2831.0
2011-11-24,2566.0,3053.0,2938.0
2011-11-25,1495.0,3392.0,2715.4285714285716
2011-11-26,2792.0,3663.0,2629.714285714286
2011-11-27,3068.0,3520.0,2544.714285714286
2011-11-28,3071.0,2765.0,2480.5714285714284
2011-11-29,3867.0,1607.0,2638.0
2011-11-30,2914.0,2566.0,2824.714285714286
2011-12-01,3613.0,1495.0,2974.285714285714
2011-12-02,3727.0,2792.0,3293.1428571428573
2011-12-03,3940.0,3068.0,3457.1428571428573
2011-12-04,3614.0,3071.0,3535.1428571428573
2011-12-05,3485.0,3867.0,3594.285714285714
2011-12-06,3811.0,2914.0,3586.285714285714
2011-12-07,2594.0,3613.0,3540.5714285714284
2011-12-08,705.0,3727.0,3125.1428571428573
2011-12-09,3322.0,3940.0,3067.285714285714
2011-12-10,3620.0,3614.0,3021.5714285714284
2011-12-11,3190.0,3485.0,2961.0
2011-12-12,2743.0,3811.0,2855.0
2011-12-13,3310.0,2594.0,2783.4285714285716
2011-12-14,3523.0,705.0,2916.1428571428573
2011-12-15,3740.0,3322.0,3349.714285714286
2011-12-16,3709.0,3620.0,3405.0
2011-12-17,3577.0,3190.0,3398.8571428571427
2011-12-18,2739.0,2743.0,3334.4285714285716
2011-12-19,2431.0,3310.0,3289.8571428571427
2011-12-20,3403.0,3523.0,3303.1428571428573
2011-12-21,3750.0,3740.0,3335.5714285714284
2011-12-22,2660.0,3709.0,3181.285714285714
2011-12-23,3068.0,3577.0,3089.714285714286
2011-12-24,2209.0,2739.0,2894.285714285714
2011-12-25,1011.0,2431.0,2647.4285714285716
2011-12-26,754.0,3403.0,2407.8571428571427
2011-12-27,1317.0,3750.0,2109.8571428571427
2011-12-28,1162.0,2660.0,1740.142857142857
2011-12-29,2302.0,3068.0,1689.0
2011-12-30,2423.0,2209.0,1596.857142857143
2011-12-31,2999.0,1011.0,1709.7142857142858
2012-01-01,2485.0,754.0,1920.2857142857142
2012-01-02,2294.0,1317.0,2140.285714285714
2012-01-03,1951.0,1162.0,2230.8571428571427
2012-01-04,2236.0,2302.0,2384.285714285714
2012-01-05,2368.0,2423.0,2393.714285714286
2012-01-06,3272.0,2999.0,2515.0
2012-01-07,4098.0,2485.0,2672.0
2012-01-08,4521.0,2294.0,2962.8571428571427
2012-01-09,3425.0,1951.0,3124.4285714285716
2012-01-10,2376.0,2236.0,3185.1428571428573
2012-01-11,3598.0,2368.0,3379.714285714286
2012-01-12,2177.0,3272.0,3352.4285714285716
2012-01-13,4097.0,4098.0,3470.285714285714
2012-01-14,3214.0,4521.0,3344.0
2012-01-15,2493.0,3425.0,3054.285714285714
2012-01-16,2311.0,2376.0,2895.1428571428573
2012-01-17,2298.0,3598.0,2884.0
2012-01-18,2935.0,2177.0,2789.285714285714
2012-01-19,3376.0,4097.0,2960.5714285714284
2012-01-20,3292.0,3214.0,2845.5714285714284
2012-01-21,3163.0,2493.0,2838.285714285714
2012-01-22,1301.0,2311.0,2668.0
2012-01-23,1977.0,2298.0,2620.285714285714
2012-01-24,2432.0,2935.0,2639.4285714285716
2012-01-25,4339.0,3376.0,2840.0
2012-01-26,4270.0,3292.0,2967.714285714286
2012-01-27,4075.0,3163.0,3079.5714285714284
2012-01-28,3456.0,1301.0,3121.4285714285716
2012-01-29,4023.0,1977.0,3510.285714285714
2012-01-30,3243.0,2432.0,3691.1428571428573
2012-01-31,3624.0,4339.0,3861.4285714285716
2012-02-01,4509.0,4270.0,3885.714285714286
2012-02-02,4579.0,4075.0,3929.8571428571427
2012-02-03,3761.0,3456.0,3885.0
2012-02-04,4151.0,4023.0,3984.285714285714
2012-02-05,2832.0,3243.0,3814.1428571428573
2012-02-06,2947.0,3624.0,3771.8571428571427
2012-02-07,3784.0,4509.0,3794.714285714286
2012-02-08,4375.0,4579.0,3775.5714285714284
2012-02-09,2802.0,3761.0,3521.714285714286
2012-02-10,3830.0,4151.0,3531.5714285714284
2012-02-11,3831.0,2832.0,3485.8571428571427
2012-02-12,2169.0,2947.0,3391.1428571428573
2012-02-13,1529.0,3784.0,3188.5714285714284
2012-02-14,3422.0,4375.0,3136.8571428571427
2012-02-15,3922.0,2802.0,3072.1428571428573
2012-02-16,4169.0,3830.0,3267.4285714285716
2012-02-17,3005.0,3831.0,3149.5714285714284
2012-02-18,4154.0,2169.0,3195.714285714286
2012-02-19,4318.0,1529.0,3502.714285714286
2012-02-20,2689.0,3422.0,3668.4285714285716
2012-02-21,3129.0,3922.0,3626.5714285714284
2012-02-22,3777.0,4169.0,3605.8571428571427
2012-02-23,4773.0,3005.0,3692.1428571428573
2012-02-24,5062.0,4154.0,3986.0
2012-02-25,3487.0,4318.0,3890.714285714286
2012-02-26,2732.0,2689.0,3664.1428571428573
2012-02-27,3389.0,3129.0,3764.1428571428573
2012-02-28,4322.0,3777.0,3934.5714285714284
2012-02-29,4363.0,4773.0,4018.285714285714
2012-03-01,1834.0,5062.0,3598.4285714285716
2012-03-02,4990.0,3487.0,3588.1428571428573
2012-03-03,3194.0,2732.0,3546.285714285714
2012-03-04,4066.0,3389.0,3736.8571428571427
2012-03-05,3423.0,4322.0,3741.714285714286
2012-03-06,3333.0,4363.0,3600.4285714285716
2012-03-07,3956.0,1834.0,3542.285714285714
2012-03-08,4916.0,4990.0,3982.5714285714284
2012-03-09,5382.0,3194.0,4038.5714285714284
2012-03-10,4569.0,4066.0,4235.0
2012-03-11,4118.0,3423.0,4242.428571428572
2012-03-12,4911.0,3333.0,4455.0
2012-03-13,5298.0,3956.0,4735.714285714285
2012-03-14,5847.0,4916.0,5005.857142857143
2012-03-15,6312.0,5382.0,5205.285714285715
2012-03-16,6192.0,4569.0,5321.0
2012-03-17,4378.0,4118.0,5293.714285714285
2012-03-18,7836.0,4911.0,5824.857142857143
2012-03-19,5892.0,5298.0,5965.0
2012-03-20,6153.0,5847.0,6087.142857142857
2012-03-21,6093.0,6312.0,6122.285714285715
2012-03-22,6230.0,6192.0,6110.571428571428
2012-03-23,6871.0,4378.0,6207.571428571428
2012-03-24,8362.0,7836.0,6776.714285714285
2012-03-25,3372.0,5892.0,6139.0
2012-03-26,4996.0,6153.0,6011.0
2012-03-27,5558.0,6093.0,5926.0
2012-03-28,5102.0,6230.0,5784.428571428572
2012-03-29,5698.0,6871.0,5708.428571428572
2012-03-30,6133.0,8362.0,5603.0
2012-03-31,5459.0,3372.0,5188.285714285715
2012-04-01,6235.0,4996.0,5597.285714285715
2012-04-02,6041.0,5558.0,5746.571428571428
2012-04-03,5936.0,5102.0,5800.571428571428
2012-04-04,6772.0,5698.0,6039.142857142857
2012-04-05,6436.0,6133.0,6144.571428571428
2012-04-06,6457.0,5459.0,6190.857142857143
2012-04-07,6460.0,6235.0,6333.857142857143
2012-04-08,6857.0,6041.0,6422.714285714285
2012-04-09,5169.0,5936.0,6298.142857142857
2012-04-10,5585.0,6772.0,6248.0
2012-04-11,5918.0,6436.0,6126.0
2012-04-12,4862.0,6457.0,5901.142857142857
2012-04-13,5409.0,6460.0,5751.428571428572
2012-04-14,6398.0,6857.0,5742.571428571428
2012-04-15,7460.0,5169.0,5828.714285714285
2012-04-16,7132.0,5585.0,6109.142857142857
2012-04-17,6370.0,5918.0,6221.285714285715
2012-04-18,6691.0,4862.0,6331.714285714285
2012-04-19,4367.0,5409.0,6261.0
2012-04-20,6565.0,6398.0,6426.142857142857
2012-04-21,7290.0,7460.0,6553.571428571428
2012-04-22,6624.0,7132.0,6434.142857142857
2012-04-23,1027.0,6370.0,5562.0
2012-04-24,3214.0,6691.0,5111.142857142857
2012-04-25,5633.0,4367.0,4960.0
2012-04-26,6196.0,6565.0,5221.285714285715
2012-04-27,5026.0,7290.0,5001.428571428572
2012-04-28,6233.0,6624.0,4850.428571428572
2012-04-29,4220.0,1027.0,4507.0
2012-04-30,6304.0,3214.0,5260.857142857143
2012-05-01,5572.0,5633.0,5597.714285714285
2012-05-02,5740.0,6196.0,5613.0
2012-05-03,6169.0,5026.0,5609.142857142857
2012-05-04,6421.0,6233.0,5808.428571428572
2012-05-05,6296.0,4220.0,5817.428571428572
2012-05-06,6883.0,6304.0,6197.857142857143
2012-05-07,6359.0,5572.0,6205.714285714285
2012-05-08,6273.0,5740.0,6305.857142857143
2012-05-09,5728.0,6169.0,6304.142857142857
2012-05-10,4717.0,6421.0,6096.714285714285
2012-05-11,6572.0,6296.0,6118.285714285715
2012-05-12,7030.0,6883.0,6223.142857142857
2012-05-13,7429.0,6359.0,6301.142857142857
2012-05-14,6118.0,6273.0,6266.714285714285
2012-05-15,2843.0,5728.0,5776.714285714285
2012-05-16,5115.0,4717.0,5689.142857142857
2012-05-17,7424.0,6572.0,6075.857142857143
2012-05-18,7384.0,7030.0,6191.857142857143
2012-05-19,7639.0,7429.0,6278.857142857143
2012-05-20,8294.0,6118.0,6402.428571428572
2012-05-21,7129.0,2843.0,6546.857142857143
2012-05-22,4359.0,5115.0,6763.428571428572
2012-05-23,6073.0,7424.0,6900.285714285715
2012-05-24,5260.0,7384.0,6591.142857142857
2012-05-25,6770.0,7639.0,6503.428571428572
2012-05-26,6734.0,8294.0,6374.142857142857
2012-05-27,6536.0,7129.0,6123.0
2012-05-28,6591.0,4359.0,6046.142857142857
2012-05-29,6043.0,6073.0,6286.714285714285
2012-05-30,5743.0,5260.0,6239.571428571428
2012-05-31,6855.0,6770.0,6467.428571428572
2012-06-01,7338.0,6734.0,6548.571428571428
2012-06-02,4127.0,6536.0,6176.142857142857
2012-06-03,8120.0,6591.0,6402.428571428572
2012-06-04,7641.0,6043.0,6552.428571428572
2012-06-05,6998.0,5743.0,6688.857142857143
2012-06-06,7001.0,6855.0,6868.571428571428
2012-06-07,7055.0,7338.0,6897.142857142857
2012-06-08,7494.0,4127.0,6919.428571428572
2012-06-09,7736.0,8120.0,7435.0
2012-06-10,7498.0,7641.0,7346.142857142857
2012-06-11,6598.0,6998.0,7197.142857142857
2012-06-12,6664.0,7001.0,7149.428571428572
2012-06-13,4972.0,7055.0,6859.571428571428
2012-06-14,7421.0,7494.0,6911.857142857143
2012-06-15,7363.0,7736.0,6893.142857142857
2012-06-16,7665.0,7498.0,6883.0
2012-06-17,7702.0,6598.0,6912.142857142857
2012-06-18,6978.0,6664.0,6966.428571428572
2012-06-19,5099.0,4972.0,6742.857142857143
2012-06-20,6825.0,7421.0,7007.571428571428
2012-06-21,6211.0,7363.0,6834.714285714285
2012-06-22,5905.0,7665.0,6626.428571428572
2012-06-23,5823.0,7702.0,6363.285714285715
2012-06-24,7458.0,6978.0,6328.428571428572
2012-06-25,6891.0,5099.0,6316.0
2012-06-26,6779.0,6825.0,6556.0
2012-06-27,7442.0,6211.0,6644.142857142857
2012-06-28,7335.0,5905.0,6804.714285714285
2012-06-29,6879.0,5823.0,6943.857142857143
2012-06-30,5463.0,7458.0,6892.428571428572
2012-07-01,5687.0,6891.0,6639.428571428572
2012-07-02,5531.0,6779.0,6445.142857142857
2012-07-03,6227.0,7442.0,6366.285714285715
2012-07-04,6660.0,7335.0,6254.571428571428
2012-07-05,7403.0,6879.0,6264.285714285715
2012-07-06,6241.0,5463.0,6173.142857142857
2012-07-07,6207.0,5687.0,6279.428571428572
2012-07-08,4840.0,5531.0,6158.428571428572
2012-07-09,4672.0,6227.0,6035.714285714285
2012-07-10,6569.0,6660.0,6084.571428571428
2012-07-11,6290.0,7403.0,6031.714285714285
2012-07-12,7264.0,6241.0,6011.857142857143
2012-07-13,7446.0,6207.0,6184.0
2012-07-14,7499.0,4840.0,6368.571428571428
2012-07-15,6969.0,4672.0,6672.714285714285
2012-07-16,6031.0,6569.0,6866.857142857143
2012-07-17,6830.0,6290.0,6904.142857142857
2012-07-18,6786.0,7264.0,6975.0
2012-07-19,5713.0,7446.0,6753.428571428572
2012-07-20,6591.0,7499.0,6631.285714285715
2012-07-21,5870.0,6969.0,6398.571428571428
2012-07-22,4459.0,6031.0,6040.0
2012-07-23,7410.0,6830.0,6237.0
2012-07-24,6966.0,6786.0,6256.428571428572
2012-07-25,7592.0,5713.0,6371.571428571428
2012-07-26,8173.0,6591.0,6723.0
2012-07-27,6861.0,5870.0,6761.571428571428
2012-07-28,6904.0,4459.0,6909.285714285715
2012-07-29,6685.0,7410.0,7227.285714285715
2012-07-30,6597.0,6966.0,7111.142857142857
2012-07-31,7105.0,7592.0,7131.0
2012-08-01,7216.0,8173.0,7077.285714285715
2012-08-02,7580.0,6861.0,6992.571428571428
2012-08-03,7261.0,6904.0,7049.714285714285
2012-08-04,7175.0,6685.0,7088.428571428572
2012-08-05,6824.0,6597.0,7108.285714285715
2012-08-06,5464.0,7105.0,6946.428571428572
2012-08-07,7013.0,7216.0,6933.285714285715
2012-08-08,7273.0,7580.0,6941.428571428572
2012-08-09,7534.0,7261.0,6934.857142857143
2012-08-10,7286.0,7175.0,6938.428571428572
2012-08-11,5786.0,6824.0,6740.0
2012-08-12,6299.0,5464.0,6665.0
2012-08-13,6544.0,7013.0,6819.285714285715
2012-08-14,6883.0,7273.0,6800.714285714285
2012-08-15,6784.0,7534.0,6730.857142857143
2012-08-16,7347.0,7286.0,6704.142857142857
2012-08-17,7605.0,5786.0,6749.714285714285
2012-08-18,7148.0,6299.0,6944.285714285715
2012-08-19,7865.0,6544.0,7168.0
2012-08-20,4549.0,6883.0,6883.0
2012-08-21,6530.0,6784.0,6832.571428571428
2012-08-22,7006.0,7347.0,6864.285714285715
2012-08-23,7375.0,7605.0,6868.285714285715
2012-08-24,7765.0,7148.0,6891.142857142857
2012-08-25,7582.0,7865.0,6953.142857142857
2012-08-26,6053.0,4549.0,6694.285714285715
2012-08-27,5255.0,6530.0,6795.142857142857
2012-08-28,6917.0,7006.0,6850.428571428572
2012-08-29,7040.0,7375.0,6855.285714285715
2012-08-30,7697.0,7765.0,6901.285714285715
2012-08-31,7713.0,7582.0,6893.857142857143
2012-09-01,7350.0,6053.0,6860.714285714285
2012-09-02,6140.0,5255.0,6873.142857142857
2012-09-03,5810.0,6917.0,6952.428571428572
2012-09-04,6034.0,7040.0,6826.285714285715
2012-09-05,6864.0,7697.0,6801.142857142857
2012-09-06,7112.0,7713.0,6717.571428571428
2012-09-07,6203.0,7350.0,6501.857142857143
2012-09-08,7504.0,6140.0,6523.857142857143
2012-09-09,5976.0,5810.0,6500.428571428572
2012-09-10,8227.0,6034.0,6845.714285714285
2012-09-11,7525.0,6864.0,7058.714285714285
2012-09-12,7767.0,7112.0,7187.714285714285
2012-09-13,7870.0,6203.0,7296.0
2012-09-14,7804.0,7504.0,7524.714285714285
2012-09-15,8009.0,5976.0,7596.857142857143
2012-09-16,8714.0,8227.0,7988.0
2012-09-17,7333.0,7525.0,7860.285714285715
2012-09-18,6869.0,7767.0,7766.571428571428
2012-09-19,4073.0,7870.0,7238.857142857143
2012-09-20,7591.0,7804.0,7199.0
2012-09-21,7720.0,8009.0,7187.0
2012-09-22,8167.0,8714.0,7209.571428571428
2012-09-23,8395.0,7333.0,7164.0
2012-09-24,7907.0,6869.0,7246.0
2012-09-25,7436.0,4073.0,7327.0
2012-09-26,7538.0,7591.0,7822.0
2012-09-27,7733.0,7720.0,7842.285714285715
2012-09-28,7393.0,8167.0,7795.571428571428
2012-09-29,7415.0,8395.0,7688.142857142857
2012-09-30,8555.0,7907.0,7711.0
2012-10-01,6889.0,7436.0,7565.571428571428
2012-10-02,6778.0,7538.0,7471.571428571428
2012-10-03,4639.0,7733.0,7057.428571428572
2012-10-04,7572.0,7393.0,7034.428571428572
2012-10-05,7328.0,7415.0,7025.142857142857
2012-10-06,8156.0,8555.0,7131.0
2012-10-07,7965.0,6889.0,7046.714285714285
2012-10-08,3510.0,6778.0,6564.0
2012-10-09,5478.0,4639.0,6378.285714285715
2012-10-10,6392.0,7572.0,6628.714285714285
2012-10-11,7691.0,7328.0,6645.714285714285
2012-10-12,7570.0,8156.0,6680.285714285715
2012-10-13,7282.0,7965.0,6555.428571428572
2012-10-14,7109.0,3510.0,6433.142857142857
2012-10-15,6639.0,5478.0,6880.142857142857
2012-10-16,5875.0,6392.0,6936.857142857143
2012-10-17,7534.0,7691.0,7100.0
2012-10-18,7461.0,7570.0,7067.142857142857
2012-10-19,7509.0,7282.0,7058.428571428572
2012-10-20,5424.0,7109.0,6793.0
2012-10-21,8090.0,6639.0,6933.142857142857
2012-10-22,6824.0,5875.0,6959.571428571428
2012-10-23,7058.0,7534.0,7128.571428571428
2012-10-24,7466.0,7461.0,7118.857142857143
2012-10-25,7693.0,7509.0,7152.0
2012-10-26,7359.0,5424.0,7130.571428571428
2012-10-27,7444.0,8090.0,7419.142857142857
2012-10-28,7852.0,6824.0,7385.142857142857
2012-10-29,4459.0,7058.0,7047.285714285715
2012-10-30,22.0,7466.0,6042.142857142857
2012-10-31,1096.0,7693.0,5132.142857142857
2012-11-01,5566.0,7359.0,4828.285714285715
2012-11-02,5986.0,7444.0,4632.142857142857
2012-11-03,5847.0,7852.0,4404.0
2012-11-04,5138.0,4459.0,4016.285714285714
2012-11-05,5107.0,22.0,4108.857142857143
2012-11-06,5259.0,1096.0,4857.0
2012-11-07,5686.0,5566.0,5512.714285714285
2012-11-08,5035.0,5986.0,5436.857142857143
2012-11-09,5315.0,5847.0,5341.0
2012-11-10,5992.0,5138.0,5361.714285714285
2012-11-11,6536.0,5107.0,5561.428571428572
2012-11-12,6852.0,5259.0,5810.714285714285
2012-11-13,6269.0,5686.0,5955.0
2012-11-14,4094.0,5035.0,5727.571428571428
2012-11-15,5495.0,5315.0,5793.285714285715
2012-11-16,5445.0,5992.0,5811.857142857143
2012-11-17,5698.0,6536.0,5769.857142857143
2012-11-18,5629.0,6852.0,5640.285714285715
2012-11-19,4669.0,6269.0,5328.428571428572
2012-11-20,5499.0,4094.0,5218.428571428572
2012-11-21,5634.0,5495.0,5438.428571428572
2012-11-22,5146.0,5445.0,5388.571428571428
2012-11-23,2425.0,5698.0,4957.142857142857
2012-11-24,3910.0,5629.0,4701.714285714285
2012-11-25,2277.0,4669.0,4222.857142857143
2012-11-26,2424.0,5499.0,3902.1428571428573
2012-11-27,5087.0,5634.0,3843.285714285714
2012-11-28,3959.0,5146.0,3604.0
2012-11-29,5260.0,2425.0,3620.285714285714
2012-11-30,5323.0,3910.0,4034.285714285714
2012-12-01,5668.0,2277.0,4285.428571428572
2012-12-02,5191.0,2424.0,4701.714285714285
2012-12-03,4649.0,5087.0,5019.571428571428
2012-12-04,6234.0,3959.0,5183.428571428572
2012-12-05,6606.0,5260.0,5561.571428571428
2012-12-06,5729.0,5323.0,5628.571428571428
2012-12-07,5375.0,5668.0,5636.0
2012-12-08,5008.0,5191.0,5541.714285714285
2012-12-09,5582.0,4649.0,5597.571428571428
2012-12-10,3228.0,6234.0,5394.571428571428
2012-12-11,5170.0,6606.0,5242.571428571428
2012-12-12,5501.0,5729.0,5084.714285714285
2012-12-13,5319.0,5375.0,5026.142857142857
2012-12-14,5532.0,5008.0,5048.571428571428
2012-12-15,5611.0,5582.0,5134.714285714285
2012-12-16,5047.0,3228.0,5058.285714285715
2012-12-17,3786.0,5170.0,5138.0
2012-12-18,4585.0,5501.0,5054.428571428572
2012-12-19,5557.0,5319.0,5062.428571428572
2012-12-20,5267.0,5532.0,5055.0
2012-12-21,4128.0,5611.0,4854.428571428572
2012-12-22,3623.0,5047.0,4570.428571428572
2012-12-23,1749.0,3786.0,4099.285714285715
2012-12-24,1787.0,4585.0,3813.714285714286
2012-12-25,920.0,5557.0,3290.1428571428573
2012-12-26,1013.0,5267.0,2641.0
2012-12-27,441.0,4128.0,1951.5714285714287
2012-12-28,2114.0,3623.0,1663.857142857143
2012-12-29,3095.0,1749.0,1588.4285714285713
2012-12-30,1341.0,1787.0,1530.142857142857
2012-12-31,1796.0,920.0,1531.4285714285713
