modelo,treino_ate,validacao_inicio,validacao_fim,mae,rmse,wape,vies
sazonal_7_dias,2012-04-30,2012-05-01,2012-05-31,994.3225806451613,1309.1465823938695,0.15737370127383657,-214.70967741935485
ridge_10,2012-04-30,2012-05-01,2012-05-31,695.7302819716461,1047.1226058987158,0.11011481755862983,6.705337032431177
ridge_100,2012-04-30,2012-05-01,2012-05-31,743.354889878019,1012.0288135378635,0.11765247280636454,-155.67542830349078
boosting_7,2012-04-30,2012-05-01,2012-05-31,1337.6712130120893,1475.4518469384543,0.21171627193921716,-1112.7280751556207
boosting_15,2012-04-30,2012-05-01,2012-05-31,1309.4116511326129,1449.8279983246655,0.20724356666638244,-1087.8128673858873
sazonal_7_dias,2012-05-31,2012-06-01,2012-06-30,1046.1333333333334,1337.2990690193424,0.15473056254005818,-21.2
ridge_10,2012-05-31,2012-06-01,2012-06-30,707.9301062148803,985.722837745583,0.10470789915913035,84.66664736633827
ridge_100,2012-05-31,2012-06-01,2012-06-30,745.4603298767313,954.3548532418034,0.11025888624119677,-44.35253291390102
boosting_7,2012-05-31,2012-06-01,2012-06-30,1033.9833188154669,1151.040608844446,0.15293348895362624,-643.7752034671789
boosting_15,2012-05-31,2012-06-01,2012-06-30,1006.4664386031359,1150.77234078395,0.14886354660599554,-678.3951554190131
sazonal_7_dias,2012-06-30,2012-07-01,2012-07-31,955.7096774193549,1176.4489076275538,0.1455107142681735,-98.87096774193549
ridge_10,2012-06-30,2012-07-01,2012-07-31,638.2871799076255,806.2136699057829,0.09718183842960405,36.36784660477206
ridge_100,2012-06-30,2012-07-01,2012-07-31,642.7184022006456,805.9117585164817,0.09785651018000371,-62.705574518101166
boosting_7,2012-06-30,2012-07-01,2012-07-31,662.581106650668,898.426941896188,0.10088068831705543,276.0823564337917
boosting_15,2012-06-30,2012-07-01,2012-07-31,660.2086521887858,897.587582555485,0.10051947240444759,247.02310177905133
