data,real,previsto,sazonal,inferior_90,superior_90,coberto,erro_absoluto
2012-10-29,22.0,5678.514836059386,7058.0,4099.885058142515,7257.144613976257,False,5656.514836059386
2012-10-07,3510.0,7002.747863617433,6889.0,5424.118085700562,8581.377641534304,False,3492.747863617433
2012-10-30,1096.0,4529.5284877683525,7466.0,2950.8987098514817,6108.158265685223,False,3433.5284877683525
2012-12-26,441.0,3577.2082177581683,5267.0,1998.5784398412975,5155.83799567504,False,3136.2082177581683
2012-12-24,920.0,3985.548031595001,4585.0,2406.91825367813,5564.177809511872,False,3065.548031595001
2012-11-24,2277.0,4838.887117194414,5629.0,3260.257339277543,6417.516895111285,False,2561.887117194414
2012-11-22,2425.0,4912.415523239733,5445.0,3333.7857453228626,6491.045301156604,False,2487.4155232397334
2012-12-22,1749.0,4220.543307738762,5047.0,2641.9135298218916,5799.173085655633,False,2471.5433077387625
2012-12-29,1341.0,3708.8890562794018,1749.0,2130.259278362531,5287.518834196273,False,2367.8890562794018
2012-12-25,1013.0,3321.649704151809,5557.0,1743.0199262349383,4900.2794820686795,False,2308.649704151809
